record_id,source_id,observed_at,district,asset_type,quantity,unit,status,schema_version,source_ref
R001,SRC-A,2026-09-01T09:00:00Z,Pune,seedling,120,count,valid,1.0,SRC-A:001
R002,SRC-A,2026-09-01T09:10:00Z,Pune,seedling,95,count,valid,1.0,SRC-A:002
R003,SRC-A,2026-09-01T09:20:00Z,Nashik,sapling,80,count,valid,1.0,SRC-A:003
R004,SRC-B,2026-09-02T10:00:00Z,Satara,water_sample,7.2,pH,valid,1.0,SRC-B:004
R005,SRC-B,2026-09-02T10:15:00Z,Satara,water_sample,7.4,pH,valid,1.0,SRC-B:005
R006,SRC-B,2026-09-02T10:30:00Z,Satara,water_sample,"7,1",pH,review,1.0,SRC-B:006
R007,SRC-C,2026-09-03T08:00:00Z,Maval,plantation,300,count,valid,1.0,SRC-C:007
R008,SRC-C,2026-09-03T08:30:00Z,Maval,plantation,-12,count,invalid,1.0,SRC-C:008
R009,SRC-C,2026-09-03T09:00:00Z,Maval,plantation,300,count,review,1.0,SRC-C:007
R010,SRC-A,2026-09-04T11:00:00Z,Pune,seedling,,count,review,1.0,SRC-A:010
R011,SRC-A,2026-09-04T11:10:00Z,Pune,seedling,110,count,valid,1.0,
R012,SRC-D,2026-09-05T12:00:00Z,Mumbai,mangrove,450,count,valid,1.1,SRC-D:012
R013,SRC-D,2026-09-05T12:10:00Z,Mumbai,mangrove,475,count,valid,1.1,SRC-D:013
R014,SRC-D,2026-09-05T12:20:00Z,Mumbai,mangrove,99999,count,review,1.1,SRC-D:014
R015,SRC-E,2026-09-06T07:00:00Z,Thane,water_sample,6.9,pH,valid,1.1,SRC-E:015
R016,SRC-E,2026-09-06T07:10:00Z,Thane,water_sample,7.0,pH,valid,1.1,SRC-E:016
R017,SRC-E,2026-09-06T07:20:00Z,Thane,water_sample,7.1,pH,valid,1.1,SRC-E:017
R018,SRC-F,2026-09-07T14:00:00Z,Kolhapur,seedling,50,count,valid,1.1,SRC-F:018
R019,SRC-F,2026-09-07T14:10:00Z,Kolhapur,seedling,50,count,valid,1.1,SRC-F:019
R020,SRC-F,not-a-date,Kolhapur,seedling,45,count,review,1.1,SRC-F:020
